{
  "ideVersion" : "3.8",
  "name" : "day01",
  "title" : "day01",
  "description" : "",
  "specVersion" : "1.0.0",
  "type" : "module",
  "subType" : "extension",
  "version" : "0.0.1",
  "externalDependencyMap" : {
    "maven" : [ {
      "groupId" : "wesoftcn",
      "artifactId" : "day01",
      "version" : "0.0.1"
    } ]
  },
  "compilerInfoMap" : {
    "java" : [ {
      "type" : "structure",
      "javaTypes" : {
        "month" : "String",
        "year" : "String",
        "day" : "String"
      },
      "naslName" : "CalendarInput",
      "className" : "CalendarInput",
      "packageName" : "com.wesoftcn.logic"
    }, {
      "type" : "logic",
      "javaTypes" : {
        "" : "Integer",
        "a" : "Integer",
        "b" : "Integer"
      },
      "naslName" : "add",
      "className" : "TestApi",
      "packageName" : "com.wesoftcn.api",
      "modifiers" : [ "public" ]
    }, {
      "type" : "logic",
      "javaTypes" : {
        "" : "String",
        "calendarInput" : "com.wesoftcn.logic.CalendarInput"
      },
      "naslName" : "getWeekOfYear",
      "className" : "MyLogic",
      "packageName" : "com.wesoftcn.logic",
      "modifiers" : [ "public", "static" ]
    } ]
  },
  "structures" : [ {
    "concept" : "Structure",
    "name" : "CalendarInput",
    "description" : "",
    "properties" : [ {
      "concept" : "StructureProperty",
      "name" : "year",
      "description" : "年",
      "typeAnnotation" : {
        "concept" : "TypeAnnotation",
        "typeKind" : "primitive",
        "typeNamespace" : "nasl.core",
        "typeName" : "String"
      },
      "required" : false
    }, {
      "concept" : "StructureProperty",
      "name" : "month",
      "description" : "月",
      "typeAnnotation" : {
        "concept" : "TypeAnnotation",
        "typeKind" : "primitive",
        "typeNamespace" : "nasl.core",
        "typeName" : "String"
      },
      "required" : false
    }, {
      "concept" : "StructureProperty",
      "name" : "day",
      "description" : "日",
      "typeAnnotation" : {
        "concept" : "TypeAnnotation",
        "typeKind" : "primitive",
        "typeNamespace" : "nasl.core",
        "typeName" : "String"
      },
      "required" : false
    } ]
  } ],
  "logics" : [ {
    "concept" : "Logic",
    "name" : "add",
    "description" : "示例逻辑：相加",
    "overridable" : false,
    "typeParams" : [ ],
    "params" : [ {
      "concept" : "Param",
      "name" : "a",
      "description" : "",
      "typeAnnotation" : {
        "concept" : "TypeAnnotation",
        "typeKind" : "primitive",
        "typeNamespace" : "nasl.core",
        "typeName" : "Long"
      },
      "spread" : false
    }, {
      "concept" : "Param",
      "name" : "b",
      "description" : "",
      "typeAnnotation" : {
        "concept" : "TypeAnnotation",
        "typeKind" : "primitive",
        "typeNamespace" : "nasl.core",
        "typeName" : "Long"
      },
      "spread" : false
    } ],
    "returns" : [ {
      "concept" : "Return",
      "name" : "result",
      "description" : "",
      "typeAnnotation" : {
        "concept" : "TypeAnnotation",
        "typeKind" : "union",
        "typeNamespace" : "nasl.core",
        "typeName" : "Union",
        "typeArguments" : [ {
          "concept" : "TypeAnnotation",
          "typeKind" : "reference",
          "typeNamespace" : "nasl.ui",
          "typeName" : "Error"
        }, {
          "concept" : "TypeAnnotation",
          "typeKind" : "primitive",
          "typeNamespace" : "nasl.core",
          "typeName" : "Long"
        } ]
      }
    } ]
  }, {
    "concept" : "Logic",
    "name" : "getWeekOfYear",
    "description" : "计算传入日期是当年的第几周",
    "overridable" : false,
    "typeParams" : [ ],
    "params" : [ {
      "concept" : "Param",
      "name" : "calendarInput",
      "description" : "包含年、月、日信息的日历输入对象",
      "typeAnnotation" : {
        "concept" : "TypeAnnotation",
        "typeKind" : "reference",
        "typeNamespace" : "extensions.day01.structures",
        "typeName" : "CalendarInput"
      },
      "spread" : false
    } ],
    "returns" : [ {
      "concept" : "Return",
      "name" : "result",
      "description" : "当年的第几周",
      "typeAnnotation" : {
        "concept" : "TypeAnnotation",
        "typeKind" : "union",
        "typeNamespace" : "nasl.core",
        "typeName" : "Union",
        "typeArguments" : [ {
          "concept" : "TypeAnnotation",
          "typeKind" : "reference",
          "typeNamespace" : "nasl.ui",
          "typeName" : "Error"
        }, {
          "concept" : "TypeAnnotation",
          "typeKind" : "primitive",
          "typeNamespace" : "nasl.core",
          "typeName" : "String"
        } ]
      }
    } ]
  } ],
  "summary" : {
    "name" : "day01",
    "title" : "day01",
    "version" : "0.0.1",
    "description" : "",
    "logics" : [ {
      "name" : "add",
      "description" : "示例逻辑：相加"
    }, {
      "name" : "getWeekOfYear",
      "description" : "计算传入日期是当年的第几周"
    } ]
  }
}